{
  "name": "repurposed_structures:villages/oak/houses",
  "fallback": "minecraft:empty",
  "elements": [
    {
      "weight": 4,
      "element": {
        "location": "villagersplus:villages/oak/alchemist",
        "processors": "repurposed_structures:villages/oak/mossify",
        "projection": "rigid",
        "element_type": "minecraft:legacy_single_pool_element"
      }
    },
    {
      "weight": 4,
      "element": {
        "location": "villagersplus:villages/oak/horticulturist",
        "processors": "repurposed_structures:villages/oak/mossify",
        "projection": "rigid",
        "element_type": "minecraft:legacy_single_pool_element"
      }
    },
    {
      "weight": 4,
      "element": {
        "location": "villagersplus:villages/oak/occultist",
        "processors": "repurposed_structures:villages/oak/mossify",
        "projection": "rigid",
        "element_type": "minecraft:legacy_single_pool_element"
      }
    },
    {
      "weight": 4,
      "element": {
        "location": "villagersplus:villages/oak/oceanographer",
        "processors": "repurposed_structures:villages/oak/mossify",
        "projection": "rigid",
        "element_type": "minecraft:legacy_single_pool_element"
      }
    }
  ]
}