{
  "type": "repurposed_structures:monument_structure",
  "monument_type": "nether",
  "biomes": "#repurposed_structures:has_structure/monuments/nether",
  "step": "strongholds",
  "terrain_adaptation": "beard_box",
  "fixed_y_spawn": 30,
  "spawn_overrides": {
    "monster": {
      "bounding_box": "piece",
      "spawns": [
        {
          "type": "minecraft:magma_cube",
          "weight": 20,
          "minCount": 1,
          "maxCount": 3
        },
        {
          "type": "minecraft:wither_skeleton",
          "weight": 10,
          "minCount": 1,
          "maxCount": 3
        },
        {
          "type": "minecraft:ghast",
          "weight": 5,
          "minCount": 1,
          "maxCount": 1
        }
      ]
    }
  }
}