{
  "type": "repurposed_structures:monument_structure",
  "monument_type": "icy",
  "center_terrain_height_weight": 1.4,
  "biomes": "#repurposed_structures:has_structure/monuments/original/icy",
  "step": "surface_structures",
  "terrain_adaptation": "none",
  "spawn_overrides": {
    "monster": {
      "bounding_box": "piece",
      "spawns": [
        {
          "type": "minecraft:stray",
          "weight": 40,
          "minCount": 1,
          "maxCount": 3
        },
        {
          "type": "minecraft:vex",
          "weight": 1,
          "minCount": 1,
          "maxCount": 2
        }
      ]
    }
  }
}