{
  "type": "repurposed_structures:monument_structure",
  "monument_type": "desert",
  "center_terrain_height_weight": 1.5,
  "valid_biome_radius_check": 3,
  "biomes": "#repurposed_structures:has_structure/monuments/desert",
  "step": "surface_structures",
  "terrain_adaptation": "none",
  "spawn_overrides": {
    "monster": {
      "bounding_box": "piece",
      "spawns": [
        {
          "type": "minecraft:husk",
          "weight": 20,
          "minCount": 1,
          "maxCount": 4
        },
        {
          "type": "minecraft:creeper",
          "weight": 15,
          "minCount": 1,
          "maxCount": 2
        },
        {
          "type": "minecraft:skeleton",
          "weight": 10,
          "minCount": 1,
          "maxCount": 3
        }
      ]
    }
  }
}