{
  "structures": [
    {
      "structure": "repurposed_structures:witch_hut_oak",
      "weight": 1
    },
    {
      "structure": "repurposed_structures:witch_hut_taiga",
      "weight": 1
    },
    {
      "structure": "repurposed_structures:witch_hut_birch",
      "weight": 1
    },
    {
      "structure": "repurposed_structures:witch_hut_dark_forest",
      "weight": 1
    },
    {
      "structure": "repurposed_structures:witch_hut_giant_tree_taiga",
      "weight": 1
    },
    {
      "structure": "repurposed_structures:witch_hut_mangrove",
      "weight": 1
    }
  ],
  "placement": {
    "type": "repurposed_structures:advanced_random_spread",
    "salt": 157330143,
    "spacing": 64,
    "separation": 39
  }
}