{
  "pieces_spawn_counts": [
    {
      "nbt_piece_name": "villagersplus:villages/swamp/alchemist",
      "never_spawn_more_than_this_many": 1
    },
    {
      "nbt_piece_name": "villagersplus:villages/swamp/horticulturist",
      "never_spawn_more_than_this_many": 1
    },
    {
      "nbt_piece_name": "villagersplus:villages/swamp/occultist",
      "never_spawn_more_than_this_many": 1
    },
    {
      "nbt_piece_name": "villagersplus:villages/swamp/oceanographer",
      "never_spawn_more_than_this_many": 1
    }
  ]
}