{
  "pieces_spawn_counts": [
    {
      "nbt_piece_name": "villagersplus:villages/dark_forest/alchemist",
      "never_spawn_more_than_this_many": 1
    },
    {
      "nbt_piece_name": "villagersplus:villages/dark_forest/horticulturist",
      "never_spawn_more_than_this_many": 1
    },
    {
      "nbt_piece_name": "villagersplus:villages/dark_forest/occultist",
      "never_spawn_more_than_this_many": 1
    },
    {
      "nbt_piece_name": "villagersplus:villages/dark_forest/oceanographer",
      "never_spawn_more_than_this_many": 1
    }
  ]
}